{"cameraMode":{"drawMode":0,"name":"Shaded","section":"Shading Mode"},"sceneLighting":false,"audioPlay":false,"sceneViewState":{"m_AlwaysRefresh":false,"showFog":true,"showSkybox":false,"showFlares":true,"showImageEffects":true,"showParticleSystems":true,"showVisualEffectGraphs":true,"m_FxEnabled":true},"in2DMode":false,"pivot":{"x":-3.7224862575531008,"y":7.440379619598389,"z":0.4903149902820587},"rotation":{"x":0.11889009922742844,"y":-0.1929239183664322,"z":0.02355627715587616,"w":0.9736993312835693},"size":1.4944484233856202,"orthographic":false}