{"cameraMode":{"drawMode":0,"name":"Shaded","section":"Shading Mode"},"sceneLighting":true,"audioPlay":false,"sceneViewState":{"m_AlwaysRefresh":false,"showFog":true,"showSkybox":true,"showFlares":true,"showImageEffects":true,"showParticleSystems":true,"showVisualEffectGraphs":true,"m_FxEnabled":true},"in2DMode":false,"pivot":{"x":1.387584924697876,"y":1.567570447921753,"z":0.5819902420043945},"rotation":{"x":0.04198503494262695,"y":-0.011091531254351139,"z":0.0004661151906475425,"w":0.9990562200546265},"size":11.225049018859864,"orthographic":false}